description,test_accuracy,test_f1_score,test_precision,test_recall,fit_time,score_time,train_f1_weighted,train_recall_weighted,train_precision_weighted,train_accuracy,method-encoding,task
SVC,0.990836197021764,0.9908249159672275,0.990872922066178,0.990836197021764,0.7400763034820557,0.2782272815704346,0.9933657655912168,0.9933697110384226,0.9933971543155456,0.9933697110384226,NLP_prottrans_seqvec,hydrophobins
KNN,0.9845360824742267,0.9845185355036276,0.9845979163885276,0.9845360824742267,0.0305705547332763,0.7102540493011474,0.9854936414525972,0.985513332629897,0.9855521775270316,0.985513332629897,NLP_prottrans_seqvec,hydrophobins
GausianNB,0.9381443298969072,0.940295952872258,0.9457829188144062,0.9381443298969072,0.0636461734771728,0.0360366821289062,0.9368419180474624,0.9332177688005908,0.9454382685043085,0.9332177688005908,NLP_prottrans_seqvec,hydrophobins
DT,0.95475372279496,0.9546754957143062,0.954637283553673,0.95475372279496,3.4327342033386232,0.0238238334655761,0.9530319862631832,0.9531020032860524,0.9532544255550974,0.9531020032860524,NLP_prottrans_seqvec,hydrophobins
bagging,0.9736540664375716,0.973573112834388,0.9736243505355648,0.9736540664375716,5.009112930297851,0.1360266208648681,0.9737815153877348,0.9739732593720324,0.973900860718727,0.9739732593720324,NLP_prottrans_seqvec,hydrophobins
RF,0.9845360824742267,0.984532196213422,0.9846158901845904,0.9845360824742267,1.794484567642212,0.2281455516815185,0.9856611773439063,0.9857581284575148,0.9858774747973283,0.9857581284575148,NLP_prottrans_seqvec,hydrophobins
Adaboost,0.9713631156930126,0.9712855218210418,0.9718008906803498,0.9713631156930126,19.73931922912597,0.0783074855804443,0.9671748007572624,0.9675889721288496,0.9677078796078932,0.9675889721288496,NLP_prottrans_seqvec,hydrophobins
GradientBoostingClassifier,0.9868270332187858,0.9868201992515984,0.9868224056400212,0.9868270332187858,191.31579608917235,0.0216950893402099,0.989184398456163,0.989196726006542,0.9893205809369914,0.989196726006542,NLP_prottrans_seqvec,hydrophobins
SVC,0.8447880870561283,0.8416183222099116,0.8522886296220765,0.8447880870561283,6.314427042007447,0.952007532119751,0.8464581120415515,0.850720238955533,0.8575319509140081,0.850720238955533,Property_Group_2,hydrophobins
KNN,0.7720504009163803,0.7767539362560748,0.7889004299613985,0.7720504009163803,0.0205582380294799,0.0698372840881347,0.7874766351489687,0.7792714505949799,0.8124869220360094,0.7792714505949799,Property_Group_2,hydrophobins
GausianNB,0.4163802978235968,0.260936982876122,0.7280529106294432,0.4163802978235968,0.059575867652893,0.0148553133010864,0.2411260570859183,0.3994616274028039,0.2187165305825659,0.3994616274028039,Property_Group_2,hydrophobins
DT,0.8178694158075601,0.8173561456118636,0.8175594838486667,0.8178694158075601,0.3718823671340942,0.0128241062164306,0.8199637082096519,0.8197776653659007,0.820820087346711,0.8197776653659007,Property_Group_2,hydrophobins
bagging,0.8699885452462772,0.8697310685182122,0.8737177514996569,0.8699885452462772,0.9874369382858276,0.1372091054916381,0.8608770237866196,0.861525629907983,0.8650809955880225,0.861525629907983,Property_Group_2,hydrophobins
RF,0.8837342497136311,0.8832038477040083,0.8876791843621272,0.8837342497136311,0.5689251899719239,0.0283181190490722,0.8789767419257026,0.8804282892518186,0.8844133738238531,0.8804282892518186,Property_Group_2,hydrophobins
Adaboost,0.7703321878579611,0.7692633149319904,0.7721142952662898,0.7703321878579611,2.2207284688949587,0.0346298694610595,0.7765892203781609,0.778044153779448,0.7785224584904478,0.778044153779448,Property_Group_2,hydrophobins
GradientBoostingClassifier,0.8997709049255441,0.8994076709643686,0.9014974004381012,0.8997709049255441,26.78812618255615,0.0155863285064697,0.8892010945919843,0.8902508792214675,0.8919358952758009,0.8902508792214675,Property_Group_2,hydrophobins
SVC,0.8946162657502864,0.8943498250239108,0.8974957820834716,0.8946162657502864,3.629222226142884,0.4012768745422363,0.8822635920646951,0.8833736811677989,0.8875900172108354,0.8833736811677989,FFT_Group_7,hydrophobins
KNN,0.8596792668957618,0.8579555641039979,0.8679081040739889,0.8596792668957618,0.0145828485488891,0.0642991304397583,0.8400088537302487,0.8421291612468084,0.851775090477964,0.8421291612468084,FFT_Group_7,hydrophobins
GausianNB,0.6695303550973654,0.6528114582162843,0.691656762252515,0.6695303550973654,0.0492717742919921,0.0129088878631591,0.6741534282261854,0.688918798477622,0.704682431447267,0.688918798477622,FFT_Group_7,hydrophobins
DT,0.7256586483390607,0.7245698065554037,0.7245613256325837,0.7256586483390607,6.314438223838806,0.0122516870498657,0.7362589025658102,0.7363142554319025,0.737560047285388,0.7363142554319025,FFT_Group_7,hydrophobins
bagging,0.8167239404352806,0.8152392975969921,0.8209903610412034,0.8167239404352806,11.96144425868988,0.131605052947998,0.8058457943965204,0.8082520354579179,0.8116821409186887,0.8082520354579179,FFT_Group_7,hydrophobins
RF,0.8413516609392898,0.8388827501892359,0.8501915298125721,0.8413516609392898,2.764405870437622,0.0280534029006958,0.835656441409616,0.8396703521703521,0.847513626176357,0.8396703521703521,FFT_Group_7,hydrophobins
Adaboost,0.7313860252004581,0.7288319999504667,0.7409291997124207,0.7313860252004581,21.55852370262146,0.0321196794509887,0.7285454761101573,0.7306661608132196,0.7343127185070203,0.7306661608132196,FFT_Group_7,hydrophobins
GradientBoostingClassifier,0.8505154639175257,0.8497369359052772,0.85701802078367,0.8505154639175257,315.91045889854433,0.0160539388656616,0.850928985165752,0.852431709784651,0.8556980177809048,0.852431709784651,FFT_Group_7,hydrophobins
SVC,0.9776632302405498,0.9776506543622367,0.9779186152045488,0.9776632302405498,0.9780147075653076,0.2504379272460937,0.9769114501866576,0.9769207579023528,0.976986723064749,0.9769207579023528,NLP_plusrnn,hydrophobins
KNN,0.9702176403207332,0.9701938698729168,0.9708555396925894,0.9702176403207332,0.0200363159179687,0.4349822998046875,0.966313799737184,0.9663643900453718,0.9664046447118788,0.9663643900453718,NLP_plusrnn,hydrophobins
GausianNB,0.9049255441008018,0.9061139739136904,0.9086724476709253,0.9049255441008018,0.0451340198516845,0.0201523303985595,0.8962536388914255,0.8929575978655734,0.9045684288661088,0.8929575978655734,NLP_plusrnn,hydrophobins
DT,0.9427262313860252,0.9427558500932144,0.9431624456713936,0.9427262313860252,1.823244380950928,0.0147820949554443,0.9313333284913184,0.93125518156193,0.9316793167825936,0.93125518156193,NLP_plusrnn,hydrophobins
bagging,0.963344788087056,0.9633006287861484,0.963428625682294,0.963344788087056,1.9602033615112304,0.1148142337799072,0.958894715385636,0.9589991106555524,0.9590458273943334,0.9589991106555524,NLP_plusrnn,hydrophobins
RF,0.9713631156930126,0.9713346796353002,0.9718668824791824,0.9713631156930126,0.7531647205352783,0.031938886642456,0.9738524242787922,0.9739732593720324,0.9742258693975656,0.9739732593720324,NLP_plusrnn,hydrophobins
Adaboost,0.9513172966781214,0.9512388621741912,0.9518947799338938,0.9513172966781214,6.446093368530273,0.0519058227539062,0.9453001880829356,0.9457448636589744,0.9463073766016432,0.9457448636589744,NLP_plusrnn,hydrophobins
GradientBoostingClassifier,0.9730813287514318,0.9730691953796646,0.973311620789616,0.9730813287514318,162.63943395614623,0.0404888153076171,0.979068493705792,0.9791299498047964,0.9792365661583836,0.9791299498047964,NLP_plusrnn,hydrophobins
SVC,0.9369988545246276,0.9340838629112748,0.9394428573561204,0.9369988545246276,0.9139402866363524,0.3809010505676269,0.9386864638839104,0.9405809378815514,0.941094403648177,0.9405809378815514,NLP_prottrans_word2vec,hydrophobins
KNN,0.9690721649484536,0.9690316890800956,0.9691307740039627,0.9690721649484536,0.0106001377105712,0.4725654602050781,0.9643631263550002,0.9643954718801344,0.9646508216943944,0.9643954718801344,NLP_prottrans_word2vec,hydrophobins
GausianNB,0.918098510882016,0.9199491528171252,0.9268376642340908,0.918098510882016,0.0272981643676757,0.0139792919158935,0.9125451807346008,0.9098931279299376,0.92201687604473,0.9098931279299376,NLP_prottrans_word2vec,hydrophobins
DT,0.9238258877434136,0.9238443942429632,0.9238657880859048,0.9238258877434136,0.7402158260345459,0.0119767189025878,0.9246395800541816,0.9246245911276588,0.924970545974457,0.9246245911276588,NLP_prottrans_word2vec,hydrophobins
bagging,0.9581901489117984,0.9580286358705709,0.9581409276529947,0.9581901489117984,0.9436706066131592,0.1234132289886474,0.959120855264964,0.9592393843927584,0.9594435983551776,0.9592393843927584,NLP_prottrans_word2vec,hydrophobins
RF,0.9719358533791524,0.9718693884619944,0.9723544612621996,0.9719358533791524,0.5587517261505127,0.0300489425659179,0.968466190659569,0.9685717731116504,0.9688338751350348,0.9685717731116504,NLP_prottrans_word2vec,hydrophobins
Adaboost,0.9329896907216496,0.9328088203594616,0.9332732157845824,0.9329896907216496,3.1009223461151123,0.0308202743530273,0.929063806591416,0.9292847560332224,0.92979252659435,0.9292847560332224,NLP_prottrans_word2vec,hydrophobins
GradientBoostingClassifier,0.9719358533791524,0.971896762002733,0.9720720640379562,0.9719358533791524,49.38783144950867,0.0152913570404052,0.9758824826876064,0.9759364495560814,0.9760019822369206,0.9759364495560814,NLP_prottrans_word2vec,hydrophobins
SVC,0.9627720504009164,0.962432494845717,0.9628293112070156,0.9627720504009164,0.7405540466308593,0.2523753643035888,0.9561039052023812,0.9565402993623852,0.9561739506971364,0.9565402993623852,NLP_glove,hydrophobins
KNN,0.967926689576174,0.9678687713389238,0.9678506877094954,0.967926689576174,0.0112307548522949,0.418374490737915,0.963825224505307,0.9639070861156752,0.9638980680586118,0.9639070861156752,NLP_glove,hydrophobins
GausianNB,0.9054982817869416,0.9074071044281476,0.9135274371367696,0.9054982817869416,0.0212872982025146,0.0137699127197265,0.8947838194209161,0.891726081910131,0.9053163945617988,0.891726081910131,NLP_glove,hydrophobins
DT,0.9306987399770904,0.9306535934902436,0.9307282739035194,0.9306987399770904,1.1406970500946043,0.0125977039337158,0.9316922966373896,0.931745376162554,0.9319586832579704,0.931745376162554,NLP_glove,hydrophobins
bagging,0.9576174112256588,0.9575452632703796,0.957687248738534,0.9576174112256588,1.2885769367218018,0.1232949256896972,0.956890900851007,0.9570298910176211,0.957127988531066,0.9570298910176211,NLP_glove,hydrophobins
RF,0.9742268041237112,0.974201619125374,0.9743026763172796,0.9742268041237112,0.6881829261779785,0.0313204288482666,0.9702229682278766,0.970288660104611,0.9704187373204136,0.970288660104611,NLP_glove,hydrophobins
Adaboost,0.93184421534937,0.931079679257639,0.9341985982421516,0.93184421534937,4.2846596240997314,0.0303266048431396,0.935818731350385,0.9361640614401352,0.9367280416072186,0.9361640614401352,NLP_glove,hydrophobins
GradientBoostingClassifier,0.97709049255441,0.9770675755229664,0.9771260461666332,0.97709049255441,65.90788426399232,0.0146314620971679,0.9748937342507904,0.9749539500459748,0.9750406611403027,0.9749539500459748,NLP_glove,hydrophobins
SVC,0.8533791523482245,0.8515538079279963,0.8590714340425897,0.8533791523482245,4.213298797607422,0.5920224189758301,0.8586415476250429,0.8615232210820446,0.8667485704513082,0.8615232210820446,FFT_Group_0,hydrophobins
KNN,0.8138602520045819,0.810554678874067,0.8307515877290382,0.8138602520045819,0.0165822982788085,0.0661827087402343,0.7905938476882151,0.7962229609288431,0.8132192776745233,0.7962229609288431,FFT_Group_0,hydrophobins
GausianNB,0.6529209621993127,0.632561643527965,0.6684491867853347,0.6529209621993127,0.0503950595855712,0.0127892732620239,0.6606537342103962,0.6768987570458159,0.6955750845446766,0.6768987570458159,FFT_Group_0,hydrophobins
DT,0.7147766323024055,0.7138008805312317,0.7136089040804625,0.7147766323024055,5.155726766586303,0.0124444961547851,0.7089042152263835,0.7085645806234042,0.7106167461388571,0.7085645806234042,FFT_Group_0,hydrophobins
bagging,0.7846506300114547,0.7822783910125187,0.79066775616945,0.7846506300114547,12.35455937385559,0.1355491876602172,0.7824564793664892,0.7868881582116877,0.792676296509098,0.7868881582116877,FFT_Group_0,hydrophobins
RF,0.8138602520045819,0.8104364714534111,0.8266462366548714,0.8138602520045819,2.8482924699783325,0.0269236087799072,0.818050102691581,0.8232174688057041,0.8329503457485512,0.8232174688057041,FFT_Group_0,hydrophobins
Adaboost,0.6861397479954181,0.682118614771128,0.6940041738688616,0.6861397479954181,21.53018147945404,0.0323065757751464,0.7091880295939383,0.7127450980392157,0.7142397639931951,0.7127450980392157,FFT_Group_0,hydrophobins
GradientBoostingClassifier,0.8132875143184422,0.8100258352851157,0.8232055761383511,0.8132875143184422,315.63955981731414,0.0158482551574707,0.821118003052008,0.8256841065664595,0.8310009259662031,0.8256841065664595,FFT_Group_0,hydrophobins
SVC,0.8780068728522337,0.8776855644862606,0.880156386021836,0.8780068728522337,3.723102688789368,0.4211390256881714,0.8856070728749762,0.8863208797032325,0.8888812599928141,0.8863208797032325,FFT_Group_3,hydrophobins
KNN,0.8465063001145475,0.8437219847546394,0.8570292847856649,0.8465063001145475,0.0164339780807495,0.0645110130310058,0.8389196198136707,0.8418846654140772,0.8519465514805654,0.8418846654140772,FFT_Group_3,hydrophobins
GausianNB,0.7073310423825888,0.6931655619427328,0.7328894584088504,0.7073310423825888,0.0429124355316162,0.0131425619125366,0.7161438427277977,0.7294364551717493,0.7439456222705763,0.7294364551717493,FFT_Group_3,hydrophobins
DT,0.7348224513172967,0.7344907319177605,0.7345336890711298,0.7348224513172967,6.180506443977356,0.0127978324890136,0.7319366238117118,0.7316465529700824,0.7332725932419896,0.7316465529700824,FFT_Group_3,hydrophobins
bagging,0.8161512027491409,0.8143562934393231,0.8230973619566652,0.8161512027491409,12.23351764678955,0.1296686887741089,0.8011559543153888,0.8043105940164763,0.8098479001591338,0.8043105940164763,FFT_Group_3,hydrophobins
RF,0.8442153493699885,0.8410641969294438,0.852959423823655,0.8442153493699885,2.827384519577026,0.028604769706726,0.8334537718648889,0.8377011369658428,0.8460077693232284,0.8377011369658428,FFT_Group_3,hydrophobins
Adaboost,0.7010309278350515,0.6982510540033475,0.7113221607184632,0.7010309278350515,21.4917263507843,0.0315089702606201,0.7083176825295492,0.7112576480223539,0.7164396451095782,0.7112576480223539,FFT_Group_3,hydrophobins
GradientBoostingClassifier,0.8373424971363116,0.8360941893855312,0.8420107252804635,0.8373424971363116,314.6386591911316,0.0157557249069213,0.8345920887767185,0.8369676494676493,0.8416571607049674,0.8369676494676493,FFT_Group_3,hydrophobins
SVC,0.8843069873997709,0.8835084276733967,0.8885559727500579,0.8843069873997709,4.036074304580689,0.3985520124435425,0.8766554229739599,0.8779730934142698,0.881851342707009,0.8779730934142698,FFT_Group_1,hydrophobins
KNN,0.8373424971363116,0.8365828859455355,0.8461900333109383,0.8373424971363116,0.0151278018951416,0.0654115676879882,0.8310937175301593,0.8310774678421737,0.8405505207630991,0.8310774678421737,FFT_Group_1,hydrophobins
GausianNB,0.6735395189003437,0.6544332618719667,0.6961673899533182,0.6735395189003437,0.0453821182250976,0.0131454944610595,0.6616455220775753,0.6786048080165727,0.6927690555692765,0.6786048080165727,FFT_Group_1,hydrophobins
DT,0.7331042382588774,0.7330874699150265,0.7331690486124669,0.7331042382588774,4.876870703697205,0.0122817516326904,0.7225953987116843,0.7223135568723803,0.724135133472757,0.7223135568723803,FFT_Group_1,hydrophobins
bagging,0.8092783505154639,0.8077652182092422,0.8169803992204177,0.8092783505154639,10.49288763999939,0.1333503007888793,0.7893818436404147,0.7927699089463796,0.7968185493735573,0.7927699089463796,FFT_Group_1,hydrophobins
RF,0.8419243986254296,0.8390239654681003,0.8534473077351713,0.8419243986254296,2.529409885406494,0.0249055385589599,0.8378255763201252,0.8416281254516548,0.8502551066496732,0.8416281254516548,FFT_Group_1,hydrophobins
Adaboost,0.6918671248568156,0.6891540791594815,0.7011951461103502,0.6918671248568156,21.644047093391418,0.0315457105636596,0.713131956314112,0.7154339499927735,0.7189407735598518,0.7154339499927735,FFT_Group_1,hydrophobins
GradientBoostingClassifier,0.8447880870561283,0.8428432928123021,0.8513326767321169,0.8447880870561283,316.4431886434555,0.0158703565597534,0.8399195299874418,0.8421225369754783,0.8454825577844722,0.8421225369754783,FFT_Group_1,hydrophobins
SVC,0.8900343642611683,0.8893935869405984,0.8938752796433324,0.8900343642611683,3.633599734306336,0.4121868133544922,0.8745797116389686,0.8765013007660066,0.8806658736121479,0.8765013007660066,FFT_Group_6,hydrophobins
KNN,0.8396334478808706,0.8388323278094252,0.8461965938313999,0.8396334478808706,0.0162460803985595,0.0727457284927368,0.8292771176585824,0.8308323698029578,0.8414757054429621,0.8308323698029578,FFT_Group_6,hydrophobins
GausianNB,0.6632302405498282,0.6444529527479425,0.6922091892795239,0.6632302405498282,0.0477858066558837,0.0130648612976074,0.663661724088376,0.6800856337621044,0.7024503395407203,0.6800856337621044,FFT_Group_6,hydrophobins
DT,0.722794959908362,0.7216039677867212,0.7210367313085513,0.722794959908362,6.137198948860169,0.012640905380249,0.7329252121231784,0.7328666233077997,0.7344138618800562,0.7328666233077997,FFT_Group_6,hydrophobins
bagging,0.8144329896907216,0.8124745635462071,0.8197402499178879,0.8144329896907216,12.682232451438905,0.1327013492584228,0.8128459005693015,0.8156248494483789,0.8192250437095442,0.8156248494483789,FFT_Group_6,hydrophobins
RF,0.8505154639175257,0.8476044268342755,0.8588194443846926,0.8505154639175257,2.8315932750701904,0.0250839948654174,0.841952524473576,0.8465385171267524,0.8535574335558266,0.8465385171267524,FFT_Group_6,hydrophobins
Adaboost,0.7451317296678122,0.7423855817393873,0.7543685172238943,0.7451317296678122,21.461171293258666,0.0320741891860961,0.7273463811433231,0.7318886399768754,0.7330487424705484,0.7318886399768754,FFT_Group_6,hydrophobins
GradientBoostingClassifier,0.845360824742268,0.8437570515649309,0.8525737918753411,0.845360824742268,314.13804671764376,0.0158400774002075,0.8457496261697919,0.8489967239967239,0.8535957151260314,0.8489967239967239,FFT_Group_6,hydrophobins
SVC,0.9662084765177548,0.9661817120843428,0.966291628671208,0.9662084765177548,0.0718071937561035,0.0308079719543457,0.9581736013779218,0.9582611055003692,0.9583885008556766,0.9582611055003692,NLP_onehot,hydrophobins
KNN,0.9564719358533792,0.956383317914629,0.9565212495657336,0.9564719358533792,0.0026406288146972,0.4532837390899658,0.953756293566052,0.9538418172774,0.9539026368251272,0.9538418172774,NLP_onehot,hydrophobins
GausianNB,0.9261168384879724,0.925938334341367,0.926240011659828,0.9261168384879724,0.0032896518707275,0.0076972961425781,0.8792952720650472,0.8708798480577622,0.9148234296020826,0.8708798480577622,NLP_onehot,hydrophobins
DT,0.9444444444444444,0.9445618671366968,0.9448736876521188,0.9444444444444444,0.0372636795043945,0.0092388153076171,0.9373328021965952,0.9371450535867714,0.9376899148505912,0.9371450535867714,NLP_onehot,hydrophobins
bagging,0.9553264604810996,0.9552514289672625,0.9553977612544746,0.9553264604810996,0.0465551376342773,0.015490436553955,0.9551479624518796,0.9553127025519664,0.9553972664668564,0.9553127025519664,NLP_onehot,hydrophobins
RF,0.9713631156930126,0.9713283237091777,0.9714977386872302,0.9713631156930126,0.1611058712005615,0.0277368545532226,0.96566219018396,0.965870577772418,0.9661040672247416,0.965870577772418,NLP_onehot,hydrophobins
Adaboost,0.9398625429553265,0.939326754654612,0.939650796399744,0.9398625429553265,0.2559552669525146,0.0160701274871826,0.9278972972584428,0.9288030026680334,0.928235834772849,0.9288030026680334,NLP_onehot,hydrophobins
GradientBoostingClassifier,0.968499427262314,0.968406114141242,0.9686045579965132,0.968499427262314,2.5025052070617675,0.0107745170593261,0.9628621734162708,0.9629254910236508,0.9630452675631236,0.9629254910236508,NLP_onehot,hydrophobins
SVC,0.8699885452462772,0.8694208533135753,0.8736559546797525,0.8699885452462772,4.00679132938385,0.471525239944458,0.8750530642052723,0.8760092980681214,0.8790069453428142,0.8760092980681214,FFT_Group_2,hydrophobins
KNN,0.8436426116838488,0.8416577342559742,0.8516093158514397,0.8436426116838488,0.0168049335479736,0.0645726919174194,0.8433925874675042,0.845313026930674,0.8525723956522677,0.845313026930674,FFT_Group_2,hydrophobins
GausianNB,0.6798396334478809,0.6615676343523719,0.7139932970140405,0.6798396334478809,0.044057559967041,0.0131524085998535,0.6686323124305444,0.6879396107337283,0.7101545844676691,0.6879396107337283,FFT_Group_2,hydrophobins
DT,0.7250859106529209,0.7243903473372219,0.7239763709095228,0.7250859106529209,5.572624087333679,0.0123822689056396,0.7294436616648248,0.7291973791973791,0.7303877139092901,0.7291973791973791,FFT_Group_2,hydrophobins
bagging,0.7949599083619702,0.79302997167955,0.8019012215061774,0.7949599083619702,11.306577801704409,0.1322110414505005,0.8040656120292571,0.8080003131473721,0.8121031902782155,0.8080003131473721,FFT_Group_2,hydrophobins
RF,0.8230240549828178,0.8191915594120642,0.8345299232462968,0.8230240549828178,2.7426066398620605,0.0259724378585815,0.8329392277128219,0.8377047502047503,0.8461399088585322,0.8377047502047503,FFT_Group_2,hydrophobins
Adaboost,0.7273768613974799,0.7244899527798984,0.7355604645347416,0.7273768613974799,21.49277350902557,0.0319091796875,0.7314459618852779,0.7350785277255866,0.7396989651686383,0.7350785277255866,FFT_Group_2,hydrophobins
GradientBoostingClassifier,0.8264604810996563,0.8245927502156813,0.8345794521495551,0.8264604810996563,314.8503819704056,0.0159795045852661,0.8330893111259575,0.8357427614780557,0.840462708812845,0.8357427614780557,FFT_Group_2,hydrophobins
SVC,0.8373424971363116,0.8348163445178017,0.8458202879035303,0.8373424971363116,6.582844996452332,1.0251971006393432,0.8366380623535952,0.8404134749722985,0.8478262921112212,0.8404134749722985,Property_Group_1,hydrophobins
KNN,0.7457044673539519,0.7592368221127921,0.808892907530807,0.7457044673539519,0.021023678779602,0.0703797101974487,0.7448458588527682,0.7247615262321144,0.8097536204221228,0.7247615262321144,Property_Group_1,hydrophobins
GausianNB,0.4163802978235968,0.260936982876122,0.7280529106294432,0.4163802978235968,0.0596464157104492,0.0149932622909545,0.2398843768924274,0.3984788264200029,0.1968827603696858,0.3984788264200029,Property_Group_1,hydrophobins
DT,0.8018327605956472,0.8022205200968046,0.803058264553246,0.8018327605956472,0.3097393274307251,0.0131948947906494,0.8073095785798149,0.8070193187840248,0.8084601177042007,0.8070193187840248,Property_Group_1,hydrophobins
bagging,0.8591065292096219,0.8589164270708225,0.862606559636961,0.8591065292096219,0.8425278663635254,0.1304411649703979,0.8552237233218447,0.8558805463217227,0.8588886769728934,0.8558805463217227,Property_Group_1,hydrophobins
RF,0.8711340206185567,0.870646303839497,0.8754967093577527,0.8711340206185567,0.5586609363555908,0.0268988370895385,0.8729672283720747,0.8747826034590741,0.879730500710542,0.8747826034590741,Property_Group_1,hydrophobins
Adaboost,0.7571592210767468,0.7556945058620873,0.7612880088987677,0.7571592210767468,2.2272547483444214,0.0346439361572265,0.7326148362168249,0.7343354049236401,0.7369207392525383,0.7343354049236401,Property_Group_1,hydrophobins
GradientBoostingClassifier,0.8671248568155785,0.8663173386848688,0.8700341583070632,0.8671248568155785,27.48939483165741,0.0172756671905517,0.8763293964767345,0.8769896902249844,0.8788781560722263,0.8769896902249844,Property_Group_1,hydrophobins
SVC,0.865979381443299,0.865498070071132,0.8680810441865786,0.865979381443299,3.691113519668579,0.4827855348587036,0.8772414695349248,0.8782169870405164,0.8811608986192523,0.8782169870405164,FFT_Group_5,hydrophobins
KNN,0.8402061855670103,0.8382202861213368,0.8478970183053666,0.8402061855670103,0.0166619539260864,0.0636749267578125,0.8376767446283985,0.8401647636941755,0.8469640081072723,0.8401647636941755,FFT_Group_5,hydrophobins
GausianNB,0.6804123711340206,0.6609743941894695,0.7064606794117646,0.6804123711340206,0.0502680778503418,0.0131572008132934,0.6738955150163136,0.6911252830370478,0.7015555794572502,0.6911252830370478,FFT_Group_5,hydrophobins
DT,0.7342497136311569,0.7339719659158399,0.7338234713155753,0.7342497136311569,5.247195100784301,0.0123141765594482,0.7208993881173331,0.7213331647155176,0.7211587754537254,0.7213331647155176,FFT_Group_5,hydrophobins
bagging,0.8052691867124857,0.8043353387580962,0.8109124272691005,0.8052691867124857,10.094859170913695,0.1360926866531372,0.7942006234280867,0.7967005106710989,0.8024306076877016,0.7967005106710989,FFT_Group_5,hydrophobins
RF,0.8367697594501718,0.8341275883983968,0.8463458573449097,0.8367697594501718,2.6083599805831907,0.0249666690826416,0.83130548841646,0.8347497229850172,0.8419829740299756,0.8347497229850172,FFT_Group_5,hydrophobins
Adaboost,0.7331042382588774,0.730820388818658,0.7394871751209863,0.7331042382588774,21.452642965316773,0.0318094730377197,0.7123266332661391,0.7151990894637954,0.7186483722248042,0.7151990894637954,FFT_Group_5,hydrophobins
GradientBoostingClassifier,0.8350515463917526,0.834064337198976,0.840274588004315,0.8350515463917526,314.28545825481416,0.0159024000167846,0.8312491798738375,0.8330304234716,0.8373181441660298,0.8330304234716,FFT_Group_5,hydrophobins
SVC,0.847651775486827,0.8458351209901985,0.8545406646980672,0.847651775486827,6.575900340080262,0.9865630149841308,0.8423734317248355,0.8450769619887268,0.8503274423448156,0.8450769619887268,Property_Group_7,hydrophobins
KNN,0.7789232531500573,0.7845487200234484,0.7970520047624984,0.7789232531500573,0.0206705808639526,0.070366358757019,0.7711131151344303,0.7613497856144915,0.7933931309035476,0.7613497856144915,Property_Group_7,hydrophobins
GausianNB,0.4163802978235968,0.260936982876122,0.7280529106294432,0.4163802978235968,0.0614668369293212,0.0150740623474121,0.2409982705271662,0.3989702269114034,0.2678184657143834,0.3989702269114034,Property_Group_7,hydrophobins
DT,0.8218785796105383,0.8215251336607894,0.8221163231155563,0.8218785796105383,0.3472866058349609,0.0128748178482055,0.8149500812117904,0.814632413161825,0.81624825740342,0.814632413161825,Property_Group_7,hydrophobins
bagging,0.8591065292096219,0.8585884248404028,0.8613003418852063,0.8591065292096219,0.8902533054351807,0.1308360815048218,0.8580391819431006,0.8588271426506721,0.8616305029315037,0.8588271426506721,Property_Group_7,hydrophobins
RF,0.8825887743413516,0.8822293132381862,0.8861727769562139,0.8825887743413516,0.5544132947921753,0.028554344177246,0.8729840980022493,0.8742918051741582,0.8789697623878331,0.8742918051741582,Property_Group_7,hydrophobins
Adaboost,0.7525773195876289,0.7509648391803687,0.758078024802699,0.7525773195876289,2.237669348716736,0.0346135854721069,0.7536282864520113,0.7544816206580913,0.7564443684915667,0.7544816206580913,Property_Group_7,hydrophobins
GradientBoostingClassifier,0.8774341351660939,0.8766098057380513,0.8800332858604835,0.8774341351660939,26.98244333267212,0.0166163921356201,0.8828920293379949,0.8836169725875609,0.8857320909445857,0.8836169725875609,Property_Group_7,hydrophobins
SVC,0.9169530355097364,0.9139239131374524,0.9185504451379854,0.9169530355097364,0.2105220794677734,0.0906672954559326,0.914247534154524,0.917751013701934,0.9188120266822544,0.917751013701934,NLP_bepler,hydrophobins
KNN,0.9026345933562429,0.9001781972927276,0.9054328205094284,0.9026345933562429,0.0043799877166748,0.4430323123931884,0.8998886794009497,0.9022821482944184,0.9037295096945436,0.9022821482944184,NLP_bepler,hydrophobins
GausianNB,0.7651775486827033,0.7670256134423614,0.7698255407301162,0.7651775486827033,0.0054761886596679,0.0079288959503173,0.774285549710717,0.7704511538867367,0.7815257129550428,0.7704511538867367,NLP_bepler,hydrophobins
DT,0.949599083619702,0.949592040350076,0.949624930109647,0.949599083619702,0.2972531318664551,0.0089171409606933,0.9348015214354972,0.9346898599659336,0.9351052583869373,0.9346898599659336,NLP_bepler,hydrophobins
bagging,0.9587628865979382,0.9586093920681374,0.958936554397846,0.9587628865979382,0.4663724422454834,0.0220373153686523,0.955020771168824,0.9553108937158016,0.955130769429301,0.9553108937158016,NLP_bepler,hydrophobins
RF,0.9627720504009164,0.962437297292957,0.9637055668056836,0.9627720504009164,0.4706071853637695,0.0264481544494628,0.9628964822705116,0.963417192987745,0.9639395049112114,0.963417192987745,NLP_bepler,hydrophobins
Adaboost,0.9507445589919816,0.9502890025823268,0.9517167446031533,0.9507445589919816,1.542738437652588,0.0191832065582275,0.9430361346443112,0.9435296423026484,0.9438433443672368,0.9435296423026484,NLP_bepler,hydrophobins
GradientBoostingClassifier,0.9702176403207332,0.9701434759347508,0.970518726443519,0.9702176403207332,22.38833994865417,0.0125272274017333,0.9694290983585244,0.9695536696763692,0.969612847152772,0.9695536696763692,NLP_bepler,hydrophobins
SVC,0.8883161512027491,0.8878707652776296,0.8908833131148944,0.8883161512027491,3.946565818786621,0.3950742244720459,0.8792795189915064,0.8806697740521269,0.8848795273757913,0.8806697740521269,FFT_Group_4,hydrophobins
KNN,0.8556701030927835,0.8539641626687048,0.8634239640221937,0.8556701030927835,0.015229320526123,0.0644240379333496,0.8289516465398823,0.8310822854940503,0.8391319900029253,0.8310822854940503,FFT_Group_4,hydrophobins
GausianNB,0.6580756013745704,0.6386461934054212,0.6819460653656285,0.6580756013745704,0.0526454925537109,0.012973666191101,0.6578279423171484,0.6754221467456761,0.6929376860644696,0.6754221467456761,FFT_Group_4,hydrophobins
DT,0.7233676975945017,0.723663949249355,0.7244472351394234,0.7233676975945017,5.94171712398529,0.0124329805374145,0.7213160070447802,0.7213307558895794,0.7218612244265433,0.7213307558895794,FFT_Group_4,hydrophobins
bagging,0.806987399770905,0.8054245181872395,0.8114309045771211,0.806987399770905,11.518386006355286,0.1292082548141479,0.8108919489254383,0.8138916991858167,0.8188276843448561,0.8138916991858167,FFT_Group_4,hydrophobins
RF,0.8384879725085911,0.8361086472152744,0.8488412141784746,0.8384879725085911,2.69875853061676,0.0273718833923339,0.84204908764706,0.8460531387001975,0.85286626760983,0.8460531387001975,FFT_Group_4,hydrophobins
Adaboost,0.738831615120275,0.7370425704905619,0.7452142778781141,0.738831615120275,21.4637463092804,0.031847071647644,0.7434556415605874,0.7458875319169437,0.7484809881753617,0.7458875319169437,FFT_Group_4,hydrophobins
GradientBoostingClassifier,0.8459335624284078,0.8447341154042965,0.851106211465673,0.8459335624284078,314.4482074022293,0.0162722826004028,0.8550211750205895,0.8571000144529556,0.8610253935265859,0.8571000144529556,FFT_Group_4,hydrophobins
SVC,0.9398625429553265,0.9372334907469948,0.941765432893735,0.9398625429553265,0.7687452793121338,0.2977663040161132,0.9327085377185256,0.9354272621757284,0.9357633086136928,0.9354272621757284,NLP_fasttext,hydrophobins
KNN,0.9707903780068728,0.9707553619675914,0.970797873392381,0.9707903780068728,0.0105195045471191,0.4633531093597412,0.9638927310426648,0.9639061816975928,0.9640346405042972,0.9639061816975928,NLP_fasttext,hydrophobins
GausianNB,0.9163802978235968,0.9179766021522884,0.9239003554356237,0.9163802978235968,0.0198691844940185,0.0128816604614257,0.9094120586923514,0.9062106389713752,0.9195498740646424,0.9062106389713752,NLP_fasttext,hydrophobins
DT,0.9249713631156932,0.9249099853019536,0.9248661910967562,0.9249713631156932,0.9514660835266112,0.0127175331115722,0.9188633050183814,0.918731402903182,0.9191161757116338,0.918731402903182,NLP_fasttext,hydrophobins
bagging,0.9518900343642612,0.9518211368697505,0.952292494898046,0.9518900343642612,1.15251522064209,0.124931001663208,0.9595122227388287,0.9597316893022414,0.959673301248788,0.9597316893022414,NLP_fasttext,hydrophobins
RF,0.9707903780068728,0.970770864271848,0.970919057560658,0.9707903780068728,0.6037472248077392,0.0283923625946044,0.967750173081343,0.9678364812107144,0.9680554148197412,0.9678364812107144,NLP_fasttext,hydrophobins
Adaboost,0.936426116838488,0.9358051000826348,0.936861537870994,0.936426116838488,3.701175403594971,0.0360032558441162,0.9347483951717408,0.93518095898464,0.935513645478354,0.93518095898464,NLP_fasttext,hydrophobins
GradientBoostingClassifier,0.9730813287514318,0.9730647312744526,0.9731218688578408,0.9730813287514318,64.0053572177887,0.0191147327423095,0.9734520395083346,0.97348246182602,0.9735180053677756,0.97348246182602,NLP_fasttext,hydrophobins
SVC,0.8550973654066437,0.8535902365270506,0.8603682902163041,0.8550973654066437,6.109692072868347,0.9316384553909302,0.8398228676377218,0.8421291612468084,0.8480369983449956,0.8421291612468084,Property_Group_0,hydrophobins
KNN,0.7279495990836197,0.7408701251214572,0.7712470613598108,0.7279495990836197,0.0265013694763183,0.0992409467697143,0.7316900058287257,0.712992002697885,0.7749299405015676,0.712992002697885,Property_Group_0,hydrophobins
GausianNB,0.4163802978235968,0.260936982876122,0.7280529106294432,0.4163802978235968,0.0590651273727417,0.0151120424270629,0.241007031097265,0.3989696247049188,0.2680167923832983,0.3989696247049188,Property_Group_0,hydrophobins
DT,0.8138602520045819,0.8133853409160522,0.8134680681226304,0.8138602520045819,0.3177701234817505,0.0127687215805053,0.809404689391445,0.8092408585055644,0.810689622299865,0.8092408585055644,Property_Group_0,hydrophobins
bagging,0.8556701030927835,0.8554956157641904,0.8596857799484986,0.8556701030927835,0.8215677738189697,0.1202810525894165,0.8605793428619188,0.8610378426554897,0.8642872923157526,0.8610378426554897,Property_Group_0,hydrophobins
RF,0.8814432989690721,0.8811133443774813,0.884547627364653,0.8814432989690721,0.5577374458312988,0.0282644033432006,0.8814082029059058,0.8823926868044516,0.8859186935254753,0.8823926868044516,Property_Group_0,hydrophobins
Adaboost,0.7703321878579611,0.7695465709046029,0.7744992291350329,0.7703321878579611,2.2283838510513307,0.0347301006317138,0.7608844462394327,0.7616081321963676,0.7634766216775066,0.7616081321963676,Property_Group_0,hydrophobins
GradientBoostingClassifier,0.8843069873997709,0.8839476460980566,0.8862557590159869,0.8843069873997709,27.519957423210144,0.0171197175979614,0.8901406225940797,0.8904953750541986,0.8921739750096039,0.8904953750541986,Property_Group_0,hydrophobins
SVC,0.8241695303550973,0.7758629583830527,0.7362779942561646,0.8241695303550973,0.2266786336898803,0.0419519186019897,0.8026076596525421,0.8426277882160236,0.7690688911787114,0.8426277882160236,helical_encoder,hydrophobins
KNN,0.8894616265750286,0.8864943613897277,0.8890191782092667,0.8894616265750286,0.0065684556961059,0.0187453031539917,0.8927741279309768,0.8946776990894639,0.8938277953731241,0.8946776990894639,helical_encoder,hydrophobins
GausianNB,0.8310423825887744,0.8307755693769112,0.8310726235054328,0.8310423825887744,0.0044583797454833,0.0057755708694458,0.8346508508237374,0.8320674953027893,0.8397438462403304,0.8320674953027893,helical_encoder,hydrophobins
DT,0.861397479954181,0.8614110147494983,0.8616165521489065,0.861397479954181,0.0442492485046386,0.0064990520477294,0.8665340806049191,0.8661969456087103,0.8678852055458506,0.8661969456087103,helical_encoder,hydrophobins
bagging,0.9037800687285223,0.902934280229823,0.903476927244056,0.9037800687285223,0.0853652954101562,0.0116491794586181,0.9008275024328756,0.9020468998410174,0.9012744115634502,0.9020468998410174,helical_encoder,hydrophobins
RF,0.9198167239404352,0.9192684503945272,0.9199880856182884,0.9198167239404352,0.2847005128860473,0.0201073169708251,0.9137803218383074,0.9148064508358624,0.9143895950857232,0.9148064508358624,helical_encoder,hydrophobins
Adaboost,0.8424971363115693,0.8385929728863124,0.8379204455151859,0.8424971363115693,0.4222114324569702,0.0139317035675048,0.8451483013910523,0.8475387820976055,0.8446313485678567,0.8475387820976055,helical_encoder,hydrophobins
GradientBoostingClassifier,0.9020618556701032,0.9009118156887282,0.9013144665081226,0.9020618556701032,3.62246322631836,0.0088193655014038,0.8989282618521843,0.9003263959146313,0.9001133441336014,0.9003263959146313,helical_encoder,hydrophobins
SVC,0.8407789232531501,0.837190937883372,0.8488561773207457,0.8407789232531501,6.642504596710205,0.9919643402099608,0.8282893344352728,0.8327961651491063,0.8412102298285478,0.8327961651491063,Property_Group_3,hydrophobins
KNN,0.7800687285223368,0.7855045820255319,0.8024251105928252,0.7800687285223368,0.0206546783447265,0.0697720289230346,0.7851500594178914,0.7785349520643637,0.8089361034255707,0.7785349520643637,Property_Group_3,hydrophobins
GausianNB,0.4163802978235968,0.260936982876122,0.7280529106294432,0.4163802978235968,0.0597711563110351,0.014848518371582,0.2410492156763303,0.3989702269114034,0.2646922294538903,0.3989702269114034,Property_Group_3,hydrophobins
DT,0.8087056128293242,0.8083719618307993,0.8082972268869751,0.8087056128293242,0.3282557964324951,0.0129167318344116,0.8044527931149208,0.8045635207399913,0.8052089695732754,0.8045635207399913,Property_Group_3,hydrophobins
bagging,0.8602520045819015,0.8598764385054298,0.8639309973832258,0.8602520045819015,0.8078297138214111,0.1299778461456298,0.8657740364278693,0.8664426458544107,0.8695327207128158,0.8664426458544107,Property_Group_3,hydrophobins
RF,0.8745704467353952,0.87391189434316,0.8785228090765014,0.8745704467353952,0.5622914791107178,0.0288965225219726,0.8715592450814184,0.8733102086043262,0.8778618425559689,0.8733102086043262,Property_Group_3,hydrophobins
Adaboost,0.7474226804123711,0.7460260658979515,0.7513983777530632,0.7474226804123711,2.251396417617798,0.034515643119812,0.7445461277500447,0.7466186105891988,0.7487901121701241,0.7466186105891988,Property_Group_3,hydrophobins
GradientBoostingClassifier,0.870561282932417,0.8700269722213373,0.8725933592055072,0.870561282932417,27.85208523273468,0.0169538974761962,0.8681210906849545,0.8693790046731223,0.8709222145667548,0.8693790046731223,Property_Group_3,hydrophobins
SVC,0.8465063001145475,0.8450210506086493,0.8530292100690952,0.8465063001145475,6.761257743835449,0.976296091079712,0.8363349070202579,0.8389410801175506,0.8448420148320188,0.8389410801175506,Property_Group_4,hydrophobins
KNN,0.7680412371134021,0.7750833144460673,0.7919138190971571,0.7680412371134021,0.0209727764129638,0.0701475858688354,0.765071770722946,0.752746061569591,0.7943134804567525,0.752746061569591,Property_Group_4,hydrophobins
GausianNB,0.4163802978235968,0.260936982876122,0.7280529106294432,0.4163802978235968,0.0594249486923217,0.014967656135559,0.240617055808776,0.3989702269114034,0.1989820420195137,0.3989702269114034,Property_Group_4,hydrophobins
DT,0.8241695303550973,0.8240860181418763,0.8242374089032383,0.8241695303550973,0.3444187164306641,0.0129248142242431,0.8112912110827077,0.8109438984438985,0.812645235186847,0.8109438984438985,Property_Group_4,hydrophobins
bagging,0.8648339060710195,0.8647751063807038,0.8678063307044588,0.8648339060710195,0.8354482889175415,0.1267626762390136,0.8572023531671569,0.8575992436286555,0.8613880194574497,0.8575992436286555,Property_Group_4,hydrophobins
RF,0.8802978235967927,0.879856815291811,0.8838781211842769,0.8802978235967927,0.5806948661804199,0.0285844326019287,0.8731482937231403,0.8745363010068893,0.8792609865248032,0.8745363010068893,Property_Group_4,hydrophobins
Adaboost,0.7342497136311569,0.7334302274946184,0.7406267350926182,0.7342497136311569,2.2413851499557493,0.034922170639038,0.7619311330003431,0.7630648696825169,0.7645472220271279,0.7630648696825169,Property_Group_4,hydrophobins
GradientBoostingClassifier,0.8791523482245132,0.8784872958938851,0.8812105755697202,0.8791523482245132,27.088583636283875,0.0168534994125366,0.8837582765109568,0.8843534711181771,0.8865424632238735,0.8843534711181771,Property_Group_4,hydrophobins
SVC,0.8321878579610539,0.8284308440357563,0.8408872474088713,0.8321878579610539,6.746157836914063,1.0229979753494265,0.8291197673093087,0.8332887700534759,0.8415775584108933,0.8332887700534759,Property_Group_5,hydrophobins
KNN,0.7680412371134021,0.7763093775765595,0.815754494656501,0.7680412371134021,0.0211634159088134,0.0701765298843383,0.7690047914312546,0.754732138555668,0.8217309741892935,0.754732138555668,Property_Group_5,hydrophobins
GausianNB,0.4163802978235968,0.260936982876122,0.7280529106294432,0.4163802978235968,0.0607729434967041,0.0147522687911987,0.2409848304935503,0.3989696247049188,0.2769245806253688,0.3989696247049188,Property_Group_5,hydrophobins
DT,0.8184421534936999,0.8179611174586133,0.8184523371197693,0.8184421534936999,0.3401921033859253,0.0130387067794799,0.8062452654810983,0.8062786048080165,0.8069553121916689,0.8062786048080165,Property_Group_5,hydrophobins
bagging,0.870561282932417,0.8704200082392969,0.8735507034175458,0.870561282932417,0.8826497793197632,0.1292661905288696,0.8572924056080048,0.8580846220552104,0.8610168603182018,0.8580846220552104,Property_Group_5,hydrophobins
RF,0.8848797250859106,0.8841518648822136,0.8877415405893043,0.8848797250859106,0.5753340482711792,0.0289421081542968,0.873806242413934,0.8755191019896902,0.879308838019421,0.8755191019896902,Property_Group_5,hydrophobins
Adaboost,0.7537227949599083,0.7523175775003368,0.7557527096740724,0.7537227949599083,2.225020408630371,0.0349028587341308,0.7511145505816627,0.752279953750542,0.7525257260486302,0.752279953750542,Property_Group_5,hydrophobins
GradientBoostingClassifier,0.8865979381443299,0.885971846230209,0.8873302373544015,0.8865979381443299,26.947191214561464,0.0173391342163085,0.8840060143484589,0.8846009779833309,0.885747115190384,0.8846009779833309,Property_Group_5,hydrophobins
SVC,0.8539518900343642,0.8524141343883765,0.8602382888027704,0.8539518900343642,6.673839497566223,0.9713015794754029,0.8411195389161044,0.8433582646817943,0.8484264627854399,0.8433582646817943,Property_Group_6,hydrophobins
KNN,0.7743413516609393,0.7800032512080163,0.7939060163600185,0.7743413516609393,0.0200947523117065,0.0709217071533203,0.7641824780407982,0.7510261598496892,0.7939837561748782,0.7510261598496892,Property_Group_6,hydrophobins
GausianNB,0.4163802978235968,0.260936982876122,0.7280529106294432,0.4163802978235968,0.0610037565231323,0.0150146007537841,0.2402360010669841,0.3987245266657031,0.198577132978241,0.3987245266657031,Property_Group_6,hydrophobins
DT,0.8075601374570447,0.8072727236661276,0.807322527829428,0.8075601374570447,0.308722996711731,0.0130067825317382,0.8001739760346516,0.7996501180324709,0.8014834840111986,0.7996501180324709,Property_Group_6,hydrophobins
bagging,0.8556701030927835,0.8555389458142904,0.8603360771013414,0.8556701030927835,0.8443115472793579,0.1313144445419311,0.8579493351653493,0.8585748181336417,0.8619704856201464,0.8585748181336417,Property_Group_6,hydrophobins
RF,0.8768613974799542,0.8767150489010401,0.8809725912262133,0.8768613974799542,0.5558477640151978,0.0273700714111328,0.8757385887955159,0.8769902924314689,0.8814733373694873,0.8769902924314689,Property_Group_6,hydrophobins
Adaboost,0.7560137457044673,0.7544648535561281,0.765911538651806,0.7560137457044673,2.227601289749145,0.0344582796096801,0.7647687328058625,0.7660150792503734,0.7673058783912878,0.7660150792503734,Property_Group_6,hydrophobins
GradientBoostingClassifier,0.8699885452462772,0.8694962830584277,0.8726273784441657,0.8699885452462772,26.795530462265013,0.0166887283325195,0.8805203384179745,0.8811641855759504,0.8830319524167578,0.8811641855759504,Property_Group_6,hydrophobins
SVC,0.9879725085910652,0.9879567720723595,0.9880008753122832,0.9879725085910652,0.821279239654541,0.2126102924346923,0.9889294146370976,0.9889501213427592,0.9890054747363364,0.9889501213427592,NLP_protrans_bert,hydrophobins
KNN,0.9805269186712484,0.9804831122597356,0.9804799406121684,0.9805269186712484,0.0235187530517578,0.4345932006835937,0.9799393558808972,0.9798673520145912,0.98016770655088,0.9798673520145912,NLP_protrans_bert,hydrophobins
GausianNB,0.9163802978235968,0.9209522406101136,0.9315937975419936,0.9163802978235968,0.0376843452453613,0.0187323570251464,0.9196253408856816,0.912349828914246,0.9360388165235406,0.912349828914246,NLP_protrans_bert,hydrophobins
DT,0.9576174112256588,0.9578269370335613,0.9583779795439316,0.9576174112256588,1.8030471801757808,0.0173264026641845,0.9568872758337494,0.9567850951900032,0.9572207853982524,0.9567850951900032,NLP_protrans_bert,hydrophobins
bagging,0.9799541809851088,0.9799200404643292,0.98005023309286,0.9799541809851088,3.024106884002685,0.1406652927398681,0.9758278216486252,0.975937956919552,0.9759497381753286,0.975937956919552,NLP_protrans_bert,hydrophobins
RF,0.9833906071019471,0.9833673939464987,0.9834489219810292,0.9833906071019471,0.8334428310394287,0.0341812133789062,0.9849753535102692,0.9850216306658024,0.9852022943335704,0.9850216306658024,NLP_protrans_bert,hydrophobins
Adaboost,0.9438717067583048,0.9428145048508744,0.942967160273693,0.9438717067583048,9.501976013183594,0.0927195072174072,0.9421277602195844,0.9418094391100528,0.9439173933816531,0.9418094391100528,NLP_protrans_bert,hydrophobins
GradientBoostingClassifier,0.9868270332187858,0.9868101911670728,0.9868927481250052,0.9868270332187858,181.54504070281985,0.0235499858856201,0.9876703202277016,0.9877228260050346,0.987747336259155,0.9877228260050346,NLP_protrans_bert,hydrophobins
SVC,0.9925544100801832,0.992547241311416,0.9925846603100852,0.9925544100801832,1.918167734146118,0.7700661182403564,0.993856744959183,0.9938611115298231,0.9939121768473808,0.9938611115298231,NLP_prottrans_albert,hydrophobins
KNN,0.9873997709049256,0.9873827122503326,0.9873820165087804,0.9873997709049256,0.0849168300628662,0.7288233757019043,0.989465556182712,0.9894421247795482,0.9895847380096968,0.9894421247795482,NLP_prottrans_albert,hydrophobins
GausianNB,0.945589919816724,0.9478633839422866,0.9578933400860028,0.945589919816724,0.1843127727508545,0.0759229183197021,0.9396424100748711,0.9344456670837038,0.9569095176179122,0.9344456670837038,NLP_prottrans_albert,hydrophobins
DT,0.9713631156930126,0.97123677877815,0.9714340488819478,0.9713631156930126,5.543375444412232,0.0313927173614502,0.9724357743855458,0.9725011682066896,0.9724873476966538,0.9725011682066896,NLP_prottrans_albert,hydrophobins
bagging,0.9856815578465064,0.9856630917100356,0.985658005521105,0.9856815578465064,8.07749629020691,0.1883204936981201,0.9825262317397312,0.982567341463047,0.9826492645778926,0.982567341463047,NLP_prottrans_albert,hydrophobins
RF,0.990836197021764,0.990824370397794,0.9908715230445572,0.990836197021764,1.8817600727081296,0.0531937599182128,0.992133774514326,0.9921418127553098,0.992203816596542,0.9921418127553098,NLP_prottrans_albert,hydrophobins
Adaboost,0.9599083619702176,0.9594238346208652,0.9621223093995817,0.9599083619702176,48.7477650642395,0.2606924057006836,0.9556123841352648,0.9562936946986026,0.9579195000115563,0.9562936946986026,NLP_prottrans_albert,hydrophobins
GradientBoostingClassifier,0.9914089347079038,0.9913923300273678,0.9914051105819186,0.9914089347079038,741.7412890911103,0.0373261928558349,0.9911555963233812,0.9911605191359792,0.9912268508240504,0.9911605191359792,NLP_prottrans_albert,hydrophobins
